prompt,response,predicted_labels,actual_labels
"هدف وظیفه‌ی استنتاج زبان طبیعی تشخیص رابطه‌ی نتیجه‌گیری بین یک <فرضیه> با توجه به یک <پیش‌فرض> است.
رابطه‌ یا برچسب میان آن‌ها می‌تواند یکی از سه نوع تناظر، تناقض یا ناشناخته باشد.
- تناظر : اگر جمله <فرضیه> به طور منطقی نتیجه‌ای از جمله <پیش‌فرض> باشد
- تناقض : اگر جمله <فرضیه> با جمله <پیش‌فرض> در تناقض باشد
- ناشناخته : اگر رابطه‌ای قطعی بین جمله <پیش‌فرض> و جمله <فرضیه> وجود نداشته باشد و هیچ تناظر یا تناقضی نتوان برقرار کرد

الگوی نمونه:
<پیش‌فرض><sep><فرضیه>
<برچسب>:
    تناقض یا تناظر یا ناشناخته

برای نمونه تست زیر نام محتمل‌ترین برچسب را چاپ کن:
<این نمی‌تواند توجیه خوبی باشد که چون این خودرو شاسی‌بلند است پس وزن بالا نیز طبیعی است. بسیاری از خودروهای شاسی بلند در مقایسه با این خودرو وزن بسیار کمتری دارند و سریع‌تر و کارامدتر هستند.><sep><یکی از ایرادات این خودرو وزن بالای آن است.>
<برچسب>:
    ?
",ناشناخته,ناشناخته,تناظر
"هدف وظیفه‌ی استنتاج زبان طبیعی تشخیص رابطه‌ی نتیجه‌گیری بین یک <فرضیه> با توجه به یک <پیش‌فرض> است.
رابطه‌ یا برچسب میان آن‌ها می‌تواند یکی از سه نوع تناظر، تناقض یا ناشناخته باشد.
- تناظر : اگر جمله <فرضیه> به طور منطقی نتیجه‌ای از جمله <پیش‌فرض> باشد
- تناقض : اگر جمله <فرضیه> با جمله <پیش‌فرض> در تناقض باشد
- ناشناخته : اگر رابطه‌ای قطعی بین جمله <پیش‌فرض> و جمله <فرضیه> وجود نداشته باشد و هیچ تناظر یا تناقضی نتوان برقرار کرد

الگوی نمونه:
<پیش‌فرض><sep><فرضیه>
<برچسب>:
    تناقض یا تناظر یا ناشناخته

برای نمونه تست زیر نام محتمل‌ترین برچسب را چاپ کن:
<در این واکنش سرعت هالوژن‌دار شدن مستقل از غلظت هالوژن است ولی به غلظت کتون و اسید بستگی دارد.><sep><در این واکنش سرعت هالوژن‌دار شدن وابسته به غلظت هالوژن است ولی مستقل از  غلظت کتون و اسید است.>
<برچسب>:
    ?
",تناقض,تناقض,تناقض
"هدف وظیفه‌ی استنتاج زبان طبیعی تشخیص رابطه‌ی نتیجه‌گیری بین یک <فرضیه> با توجه به یک <پیش‌فرض> است.
رابطه‌ یا برچسب میان آن‌ها می‌تواند یکی از سه نوع تناظر، تناقض یا ناشناخته باشد.
- تناظر : اگر جمله <فرضیه> به طور منطقی نتیجه‌ای از جمله <پیش‌فرض> باشد
- تناقض : اگر جمله <فرضیه> با جمله <پیش‌فرض> در تناقض باشد
- ناشناخته : اگر رابطه‌ای قطعی بین جمله <پیش‌فرض> و جمله <فرضیه> وجود نداشته باشد و هیچ تناظر یا تناقضی نتوان برقرار کرد

الگوی نمونه:
<پیش‌فرض><sep><فرضیه>
<برچسب>:
    تناقض یا تناظر یا ناشناخته

برای نمونه تست زیر نام محتمل‌ترین برچسب را چاپ کن:
< بنابراین افرادی که در هوای گرم فعالیت های سنگین دارند، در معرض حمله قلبی قرار می گیرند.><sep><بنا به یافته های اخیر، افزایش دما تاثیری در سلامت کارگران ندارد>
<برچسب>:
    ?
",تناقض,تناقض,تناقض
"هدف وظیفه‌ی استنتاج زبان طبیعی تشخیص رابطه‌ی نتیجه‌گیری بین یک <فرضیه> با توجه به یک <پیش‌فرض> است.
رابطه‌ یا برچسب میان آن‌ها می‌تواند یکی از سه نوع تناظر، تناقض یا ناشناخته باشد.
- تناظر : اگر جمله <فرضیه> به طور منطقی نتیجه‌ای از جمله <پیش‌فرض> باشد
- تناقض : اگر جمله <فرضیه> با جمله <پیش‌فرض> در تناقض باشد
- ناشناخته : اگر رابطه‌ای قطعی بین جمله <پیش‌فرض> و جمله <فرضیه> وجود نداشته باشد و هیچ تناظر یا تناقضی نتوان برقرار کرد

الگوی نمونه:
<پیش‌فرض><sep><فرضیه>
<برچسب>:
    تناقض یا تناظر یا ناشناخته

برای نمونه تست زیر نام محتمل‌ترین برچسب را چاپ کن:
<در شرایط دیگر ، ما متذکر شدیم که یک برنامه فاقد روشی مؤثر برای نظارت بر رشد حرفه ای کارمندان جدید و بی تجربه است.><sep><۹ موقعیت وجود داشته که ما به آنها اشاره کردیم.>
<برچسب>:
    ?
",ناشناخته,ناشناخته,ناشناخته
"هدف وظیفه‌ی استنتاج زبان طبیعی تشخیص رابطه‌ی نتیجه‌گیری بین یک <فرضیه> با توجه به یک <پیش‌فرض> است.
رابطه‌ یا برچسب میان آن‌ها می‌تواند یکی از سه نوع تناظر، تناقض یا ناشناخته باشد.
- تناظر : اگر جمله <فرضیه> به طور منطقی نتیجه‌ای از جمله <پیش‌فرض> باشد
- تناقض : اگر جمله <فرضیه> با جمله <پیش‌فرض> در تناقض باشد
- ناشناخته : اگر رابطه‌ای قطعی بین جمله <پیش‌فرض> و جمله <فرضیه> وجود نداشته باشد و هیچ تناظر یا تناقضی نتوان برقرار کرد

الگوی نمونه:
<پیش‌فرض><sep><فرضیه>
<برچسب>:
    تناقض یا تناظر یا ناشناخته

برای نمونه تست زیر نام محتمل‌ترین برچسب را چاپ کن:
<تلویزیون مهمترین وسیله برای انتقال تاریخ است.><sep><تلویزیون مهمترین وسیله برای نمایش تاریخ است.>
<برچسب>:
    ?
",تناقض,تناقض,تناظر
"هدف وظیفه‌ی استنتاج زبان طبیعی تشخیص رابطه‌ی نتیجه‌گیری بین یک <فرضیه> با توجه به یک <پیش‌فرض> است.
رابطه‌ یا برچسب میان آن‌ها می‌تواند یکی از سه نوع تناظر، تناقض یا ناشناخته باشد.
- تناظر : اگر جمله <فرضیه> به طور منطقی نتیجه‌ای از جمله <پیش‌فرض> باشد
- تناقض : اگر جمله <فرضیه> با جمله <پیش‌فرض> در تناقض باشد
- ناشناخته : اگر رابطه‌ای قطعی بین جمله <پیش‌فرض> و جمله <فرضیه> وجود نداشته باشد و هیچ تناظر یا تناقضی نتوان برقرار کرد

الگوی نمونه:
<پیش‌فرض><sep><فرضیه>
<برچسب>:
    تناقض یا تناظر یا ناشناخته

برای نمونه تست زیر نام محتمل‌ترین برچسب را چاپ کن:
<نفت و زغال و دیگر معادن سرانجام روزی تمام خواهد شد، ولی جنگلی که خوب نگهداری شود (حتی گاه بدون نگهداری) به‌طور نامحدود به تولید چوب ادامه خواهد داد.><sep><چوب بر خلاف نفت و زغال از جمله منابع طبیعی تجدیدپذیر است.>
<برچسب>:
    ?
",ناشناخته,ناشناخته,تناظر
"هدف وظیفه‌ی استنتاج زبان طبیعی تشخیص رابطه‌ی نتیجه‌گیری بین یک <فرضیه> با توجه به یک <پیش‌فرض> است.
رابطه‌ یا برچسب میان آن‌ها می‌تواند یکی از سه نوع تناظر، تناقض یا ناشناخته باشد.
- تناظر : اگر جمله <فرضیه> به طور منطقی نتیجه‌ای از جمله <پیش‌فرض> باشد
- تناقض : اگر جمله <فرضیه> با جمله <پیش‌فرض> در تناقض باشد
- ناشناخته : اگر رابطه‌ای قطعی بین جمله <پیش‌فرض> و جمله <فرضیه> وجود نداشته باشد و هیچ تناظر یا تناقضی نتوان برقرار کرد

الگوی نمونه:
<پیش‌فرض><sep><فرضیه>
<برچسب>:
    تناقض یا تناظر یا ناشناخته

برای نمونه تست زیر نام محتمل‌ترین برچسب را چاپ کن:
<سپس در دانشسرای عالی به پژوهش در زمینه هندسه دیفرانسیل پرداخت و مدرک دکترای خود را در رشته ریاضیات در سال ۱۳۱۶ دریافت کرد و در همان دانشگاه مشغول به تدریس شد.><sep><پس از اتمام تحصیل به عنوان استادیار در دانشکده علوم دانشسرای عالی به کار مشغول شد.>
<برچسب>:
    ?
",ناشناخته,ناشناخته,تناظر
"هدف وظیفه‌ی استنتاج زبان طبیعی تشخیص رابطه‌ی نتیجه‌گیری بین یک <فرضیه> با توجه به یک <پیش‌فرض> است.
رابطه‌ یا برچسب میان آن‌ها می‌تواند یکی از سه نوع تناظر، تناقض یا ناشناخته باشد.
- تناظر : اگر جمله <فرضیه> به طور منطقی نتیجه‌ای از جمله <پیش‌فرض> باشد
- تناقض : اگر جمله <فرضیه> با جمله <پیش‌فرض> در تناقض باشد
- ناشناخته : اگر رابطه‌ای قطعی بین جمله <پیش‌فرض> و جمله <فرضیه> وجود نداشته باشد و هیچ تناظر یا تناقضی نتوان برقرار کرد

الگوی نمونه:
<پیش‌فرض><sep><فرضیه>
<برچسب>:
    تناقض یا تناظر یا ناشناخته

برای نمونه تست زیر نام محتمل‌ترین برچسب را چاپ کن:
<این کار اوست.><sep><این کار اوست که نگران شما باشد.>
<برچسب>:
    ?
",تناظر,تناظر,ناشناخته
"هدف وظیفه‌ی استنتاج زبان طبیعی تشخیص رابطه‌ی نتیجه‌گیری بین یک <فرضیه> با توجه به یک <پیش‌فرض> است.
رابطه‌ یا برچسب میان آن‌ها می‌تواند یکی از سه نوع تناظر، تناقض یا ناشناخته باشد.
- تناظر : اگر جمله <فرضیه> به طور منطقی نتیجه‌ای از جمله <پیش‌فرض> باشد
- تناقض : اگر جمله <فرضیه> با جمله <پیش‌فرض> در تناقض باشد
- ناشناخته : اگر رابطه‌ای قطعی بین جمله <پیش‌فرض> و جمله <فرضیه> وجود نداشته باشد و هیچ تناظر یا تناقضی نتوان برقرار کرد

الگوی نمونه:
<پیش‌فرض><sep><فرضیه>
<برچسب>:
    تناقض یا تناظر یا ناشناخته

برای نمونه تست زیر نام محتمل‌ترین برچسب را چاپ کن:
<ارتباط با ما خانه » ارتباط با ما ارتباط با ما پایگاه خبری “جامع خبر” با هدف انتشار اخبار عمومی کشور بدون گرایش‌های مختلف سیاسی و با نگاهی حرفه‌ای به مقوله خبر اقتصادی واجتماعی توسط جمعی از خبرنگاران باسابقه کشور، فعالیت می‌کند.><sep><روابط بین ایران و آمریکا پس از انقلاب قطع شده است.>
<برچسب>:
    ?
",ناشناخته,ناشناخته,ناشناخته
